<?xml version="1.0" encoding="UTF-8"?>
<!--\#       put file into   src/main/java/resources/log4j2.xml
\#
\#   ALL, TRACE, DEBUG, INFO, WARN, ERROR, FATAL, OFF-->
<Configuration status="error" name="wilmer" packages="org.apache.logging.log4j.test">
    <Properties>
        <!--Property name="filename_prod">target/special-\${ctx:ROUTINGKEY}.log</Property>
        <Property name="filename_everydaylog">target/test.log</Property-->
        <Property name="filename_debugVV">target/log/debugVV.log</Property>
    </Properties>
    <ThresholdFilter level="trace"/>

    <Appenders>


        <!--File name="file_prod" fileName="\${filename_prod}">
            <PatternLayout>
                <pattern>%d %p %C{1.} [%t] %m%n</pattern>
            </PatternLayout>
        </File-->


        <!--Routing name="routing_prod">
            <Routes pattern="\${sd:type}">
                <Route>
                    <RollingFile name="Rolling-\${sd:type}" fileName="\${filename_prod}"
                                 filePattern="target/prod-\${sd:type}.%i.log.gz">
                        <PatternLayout>
                            <pattern>%d %p %c{1.} [%t] %m%n</pattern>
                        </PatternLayout>
                        <SizeBasedTriggeringPolicy size="500"/>
                    </RollingFile>
                </Route>
                <Route ref="console_debugVV" key="Audit"/>
            </Routes>
        </Routing-->

        <RollingFile name="rolling_prod"
                     fileName="target/log/prod.log"
                     filePattern="target/log/prod.%d{yyyy-MM-dd}.log.gz"
                     ignoreExceptions="false">
            <PatternLayout>
                <Pattern>%d{yyyy-MM-dd HH:mm:ss} %p %m%n</Pattern>
            </PatternLayout>
            <TimeBasedTriggeringPolicy />
        </RollingFile>

        <!--File name="file_everydaylog" fileName="\${filename_everydaylog}">
            <PatternLayout>
                <pattern>%d %p %C{1.} [%t] %m%n</pattern>
            </PatternLayout>
        </File-->

        <File name="file_debugVV" fileName="\${filename_debugVV}">
            <PatternLayout>
                <pattern>%d %p %C{1.} [%t] %m%n</pattern>
            </PatternLayout>
        </File>

        <Console name="console_debugVV" target="SYSTEM_OUT">
            <PatternLayout pattern="%d{HH:mm:ss.SSS} [%t] %-5level %logger{36} - %msg%n"/>
        </Console>


    </Appenders>

    <Loggers>
        <!-- здесь надо указать мой отлаживаемый пакет/класс
        com.wilmer.mainpack.VC_two-->
        <Logger name="life.expert" level="trace" additivity="false">
            <AppenderRef ref="console_debugVV"/>
            <AppenderRef ref="file_debugVV"/>
        </Logger>

        <Logger name="life" level="info" additivity="false">
            <AppenderRef ref="rolling_prod"/>
        </Logger>

        <Root level="error">
            <AppenderRef ref="console_debugVV"/>
            <AppenderRef ref="rolling_prod"/>
        </Root>

    </Loggers>

</Configuration>