<!-- File: src/main/resources/logback.xml -->
<configuration>

    <appender name="STDOUT" class="ch.qos.logback.core.ConsoleAppender">
        <encoder>
            <pattern>%-30(%d{HH:mm:ss.SSS} [%thread]) %-5level %logger{32} - %msg%n</pattern>
        </encoder>
    </appender>


    <appender name="FILE" class="ch.qos.logback.core.FileAppender">
        <file>app.log</file>
        <encoder>
            <charset>UTF-8</charset>
            <Pattern>%d %-4relative [%thread] %-5level %logger{35} - %msg%n
            </Pattern>
        </encoder>
    </appender>


    <!-- Create new asynchronous Logback appender backed by Reactor RingBufferProcessor. -->
    <appender name="ASYNC_CONSOLE" class="reactor.logback.AsyncAppender">
        <!-- Backlog size for logging events. Change size if they are picked up slowly.
             Default is 1024 * 1024 -->
        <backlog>1048576</backlog>

        <!-- Caller data is relatively slow, so per default disabled -->
        <includeCallerData>false</includeCallerData>

        <!-- Redirect logging messages to STDOUT -->
        <appender-ref ref="STDOUT"/>

    </appender>

    <!-- Create new asynchronous Logback appender backed by Reactor RingBufferProcessor. -->
    <appender name="ASYNC_FILE" class="reactor.logback.AsyncAppender">
        <!-- Backlog size for logging events. Change size if they are picked up slowly.
             Default is 1024 * 1024 -->
        <backlog>1048576</backlog>

        <!-- Caller data is relatively slow, so per default disabled -->
        <includeCallerData>false</includeCallerData>

        <!-- Redirect logging messages to STDOUT -->

        <appender-ref ref="FILE"/>
    </appender>

    <root level="INFO">
        <appender-ref ref="ASYNC_CONSOLE"/>
        <appender-ref ref="ASYNC_FILE"/>
    </root>

</configuration>